bb_image,page_image,species_name,xbr,xtl,ybr,ytl
Chalaenius-flaviguttatus-guttatus-0.jpg,miscellaneous-families-of-guam-coleoptera-0.jpg,Chalaenius flaviguttatus guttatus,1248,271,1586,1166
Colpodes-1.jpg,miscellaneous-families-of-guam-coleoptera-0.jpg,Colpodes,1250,270,1714,1599
Colpodes-2.jpg,miscellaneous-families-of-guam-coleoptera-1.jpg,Colpodes,1138,178,327,209
Endynomena-pradieri-3.jpg,miscellaneous-families-of-guam-coleoptera-1.jpg,Endynomena pradieri,1138,178,517,341
Tachys-4.jpg,miscellaneous-families-of-guam-coleoptera-1.jpg,Tachys,1141,178,688,529
Lesticus-5.jpg,miscellaneous-families-of-guam-coleoptera-1.jpg,Lesticus,1143,176,834,697
Eretes-sticticus-6.jpg,miscellaneous-families-of-guam-coleoptera-1.jpg,Eretes sticticus,1148,180,1503,1284
Cybister-tripunctatus-hamatus-7.jpg,miscellaneous-families-of-guam-coleoptera-1.jpg,Cybister tripunctatus hamatus,1144,182,1267,886
Rhantus-pulverosus-8.jpg,miscellaneous-families-of-guam-coleoptera-1.jpg,Rhantus pulverosus,1151,180,1662,1511
Sticholotis-punctatus-9.jpg,miscellaneous-families-of-guam-coleoptera-10.jpg,Sticholotis punctatus,1249,291,1176,1027
Azya-luteipes-Mulsant-10.jpg,miscellaneous-families-of-guam-coleoptera-10.jpg,Azya luteipes Mulsant,1249,287,683,433
Rhantus-pulverosus-11.jpg,miscellaneous-families-of-guam-coleoptera-10.jpg,Rhantus pulverosus,1249,289,423,269
Rodolia-cardinalis-12.jpg,miscellaneous-families-of-guam-coleoptera-10.jpg,Rodolia cardinalis,1247,289,1017,695
Telsimia-nitida-13.jpg,miscellaneous-families-of-guam-coleoptera-10.jpg,Telsimia nitida,1251,287,1742,1179
Lindorus-lophanthae-14.jpg,miscellaneous-families-of-guam-coleoptera-11.jpg,Lindorus lophanthae,1143,164,1500,1363
Telsimia-nitida-15.jpg,miscellaneous-families-of-guam-coleoptera-11.jpg,Telsimia nitida,1143,174,482,213
Nephus-16.jpg,miscellaneous-families-of-guam-coleoptera-11.jpg,Nephus,1143,171,945,487
Pullus-17.jpg,miscellaneous-families-of-guam-coleoptera-11.jpg,Pullus,1143,171,1127,955
Stethorus-18.jpg,miscellaneous-families-of-guam-coleoptera-11.jpg,Stethorus,1146,169,1358,1137
Apsectus-19.jpg,miscellaneous-families-of-guam-coleoptera-11.jpg,Apsectus,1093,174,1692,1562
Xylothrips-religiosus-20.jpg,miscellaneous-families-of-guam-coleoptera-12.jpg,Xylothrips religiosus,1245,269,1626,1407
Dactylosternum-abdominale-21.jpg,miscellaneous-families-of-guam-coleoptera-12.jpg,Dactylosternum abdominale,1240,269,713,320
Enochrus-rubrocinctus-22.jpg,miscellaneous-families-of-guam-coleoptera-12.jpg,Enochrus rubrocinctus,1245,269,1043,722
Noteropagus-obscurus-23.jpg,miscellaneous-families-of-guam-coleoptera-12.jpg,Noteropagus obscurus,1247,271,1354,1050
Xylopsocus-capucinus-24.jpg,miscellaneous-families-of-guam-coleoptera-12.jpg,Xylopsocus capucinus,1245,269,1766,1638
Xylopsocus-capucinus-25.jpg,miscellaneous-families-of-guam-coleoptera-13.jpg,Xylopsocus capucinus,1136,184,442,216
Dinoderus-minutus-26.jpg,miscellaneous-families-of-guam-coleoptera-13.jpg,Dinoderus minutus,1143,172,716,454
Lasioderma-serricorne-27.jpg,miscellaneous-families-of-guam-coleoptera-13.jpg,Lasioderma serricorne,1143,177,1007,774
Necrobia-rufipes-28.jpg,miscellaneous-families-of-guam-coleoptera-13.jpg,Necrobia rufipes,1145,172,1370,1069
Tillus-notatus-29.jpg,miscellaneous-families-of-guam-coleoptera-13.jpg,Tillus notatus,1143,177,1697,1379
Buprestis-aurulenta-30.jpg,miscellaneous-families-of-guam-coleoptera-14.jpg,Buprestis aurulenta,1263,262,1742,1539
Cyphogastra-auripennis-31.jpg,miscellaneous-families-of-guam-coleoptera-14.jpg,Cyphogastra auripennis,1254,270,591,348
Chrysodema-ventralis-32.jpg,miscellaneous-families-of-guam-coleoptera-14.jpg,Chrysodema ventralis,1254,270,856,603
Chrysobothris-costata-33.jpg,miscellaneous-families-of-guam-coleoptera-14.jpg,Chrysobothris costata,1259,265,1174,863
Agrilus-occipitalis--34.jpg,miscellaneous-families-of-guam-coleoptera-14.jpg,Agrilus occipitalis ,1263,265,1530,1181
Bradymerus-acuticostis-35.jpg,miscellaneous-families-of-guam-coleoptera-15.jpg,Bradymerus acuticostis,1190,192,1210,886
Buprestis-aurulenta-36.jpg,miscellaneous-families-of-guam-coleoptera-15.jpg,Buprestis aurulenta,1156,187,384,222
Gonocephalum-seriatum-37.jpg,miscellaneous-families-of-guam-coleoptera-15.jpg,Gonocephalum seriatum,1185,204,873,535
Alphitobius-laevitgatus-38.jpg,miscellaneous-families-of-guam-coleoptera-15.jpg,Alphitobius laevitgatus,1190,185,1551,1220
Eutochia-lateralis-39.jpg,miscellaneous-families-of-guam-coleoptera-15.jpg,Eutochia lateralis,1190,183,1694,1561
Derosphaerus-rotundicollis-40.jpg,miscellaneous-families-of-guam-coleoptera-16.jpg,Derosphaerus rotundicollis,1262,278,1712,1398
Eutochia-lateralis-41.jpg,miscellaneous-families-of-guam-coleoptera-16.jpg,Eutochia lateralis,1242,278,442,263
Uloma-rufilabris--42.jpg,miscellaneous-families-of-guam-coleoptera-16.jpg,Uloma rufilabris ,1250,281,633,442
Uloma-picicornis-43.jpg,miscellaneous-families-of-guam-coleoptera-16.jpg,Uloma picicornis,1252,278,790,640
Tribolium-ferrugineum-44.jpg,miscellaneous-families-of-guam-coleoptera-16.jpg,Tribolium ferrugineum,1259,283,1176,947
Scotochares-insularis-45.jpg,miscellaneous-families-of-guam-coleoptera-16.jpg,Scotochares insularis,1259,286,939,794
Palorus-ratzeburgi-46.jpg,miscellaneous-families-of-guam-coleoptera-16.jpg,Palorus ratzeburgi,1259,283,1386,1176
Figulus-lilliputanus-47.jpg,miscellaneous-families-of-guam-coleoptera-17.jpg,Figulus lilliputanus,1148,176,1523,1258
Xyloborus-nudus-48.jpg,miscellaneous-families-of-guam-coleoptera-17.jpg,Xyloborus nudus,1131,181,526,293
Sessinia-livida-49.jpg,miscellaneous-families-of-guam-coleoptera-17.jpg,Sessinia livida,1138,178,818,563
Figulus-integricollis-50.jpg,miscellaneous-families-of-guam-coleoptera-17.jpg,Figulus integricollis,1146,171,1244,883
Ataenius-gracilis-51.jpg,miscellaneous-families-of-guam-coleoptera-17.jpg,Ataenius gracilis,1150,178,1650,1568
Anomala-sulcatula-52.jpg,miscellaneous-families-of-guam-coleoptera-18.jpg,Anomala sulcatula,1251,272,1503,1012
Ataenius-gracilis-53.jpg,miscellaneous-families-of-guam-coleoptera-18.jpg,Ataenius gracilis,1251,275,430,230
Ataenius-cognatus-54.jpg,miscellaneous-families-of-guam-coleoptera-18.jpg,Ataenius cognatus,1254,275,736,445
Aphodius-lividus-55.jpg,miscellaneous-families-of-guam-coleoptera-18.jpg,Aphodius lividus,1251,275,1000,745
Holotrichia-mindanaona-56.jpg,miscellaneous-families-of-guam-coleoptera-18.jpg,Holotrichia mindanaona,1251,272,1705,1511
Ceresium-unicolor-57.jpg,miscellaneous-families-of-guam-coleoptera-19.jpg,Ceresium unicolor,1172,172,1674,1453
Dihammus-marianarum-58.jpg,miscellaneous-families-of-guam-coleoptera-19.jpg,Dihammus marianarum,1172,170,1448,530
Holotrichia-mindanaona-59.jpg,miscellaneous-families-of-guam-coleoptera-19.jpg,Holotrichia mindanaona,1158,179,467,202
Espeson-crenicollis-60.jpg,miscellaneous-families-of-guam-coleoptera-2.jpg,Espeson crenicollis,1221,259,1118,942
Phloeonomus-hebridensis-61.jpg,miscellaneous-families-of-guam-coleoptera-2.jpg,Phloeonomus hebridensis,1221,257,1441,1132
Phloenomus-singularis-62.jpg,miscellaneous-families-of-guam-coleoptera-2.jpg,Phloenomus singularis,1221,257,1720,1455
Ceresium-unicolor-63.jpg,miscellaneous-families-of-guam-coleoptera-2.jpg,Ceresium unicolor,1218,266,428,252
Bidessus-gentilis-64.jpg,miscellaneous-families-of-guam-coleoptera-2.jpg,Bidessus gentilis,1213,266,631,445
Lispinus-foveatus-65.jpg,miscellaneous-families-of-guam-coleoptera-2.jpg,Lispinus foveatus,1218,259,934,816
Phloenomus-singularis-66.jpg,miscellaneous-families-of-guam-coleoptera-20.jpg,Phloenomus singularis,1237,282,421,235
Gelonaetha-hirta-67.jpg,miscellaneous-families-of-guam-coleoptera-20.jpg,Gelonaetha hirta,1239,284,750,433
Prosoplus-bankii-68.jpg,miscellaneous-families-of-guam-coleoptera-20.jpg,Prosoplus bankii,1237,275,1602,1118
Chlorophorus-annularis-69.jpg,miscellaneous-families-of-guam-coleoptera-20.jpg,Chlorophorus annularis,1237,279,1109,757
Prosoplus-marianarum-70.jpg,miscellaneous-families-of-guam-coleoptera-20.jpg,Prosoplus marianarum,1239,272,1705,1612
Aphthona-bicolorata-71.jpg,miscellaneous-families-of-guam-coleoptera-21.jpg,Aphthona bicolorata,1122,154,1490,1286
Phloenomus-marianarum-72.jpg,miscellaneous-families-of-guam-coleoptera-21.jpg,Phloenomus marianarum,1117,162,355,187
Phytorus-lineolatus-73.jpg,miscellaneous-families-of-guam-coleoptera-21.jpg,Phytorus lineolatus,1119,157,1279,427
Dibelonetes-formosae-74.jpg,miscellaneous-families-of-guam-coleoptera-3.jpg,Dibelonetes formosae,1165,187,703,587
Stilicopsis-setigera-75.jpg,miscellaneous-families-of-guam-coleoptera-3.jpg,Stilicopsis setigera,1170,187,927,708
Leptacinus-flavipennis-76.jpg,miscellaneous-families-of-guam-coleoptera-3.jpg,Leptacinus flavipennis,1175,189,1137,990
Philonthus-discoideus-77.jpg,miscellaneous-families-of-guam-coleoptera-3.jpg,Philonthus discoideus,1172,189,1298,1149
Philonthus-quisquiliarius-78.jpg,miscellaneous-families-of-guam-coleoptera-3.jpg,Philonthus quisquiliarius,1172,187,1525,1306
Oligota-flavicornis-79.jpg,miscellaneous-families-of-guam-coleoptera-3.jpg,Oligota flavicornis,1172,192,1691,1575
Trogophloeus-exiguus-80.jpg,miscellaneous-families-of-guam-coleoptera-3.jpg,Trogophloeus exiguus,1165,182,330,209
Astenus-horni-81.jpg,miscellaneous-families-of-guam-coleoptera-3.jpg,Astenus horni,1165,189,575,397
Thamiaraea-insigniventris-82.jpg,miscellaneous-families-of-guam-coleoptera-4.jpg,Thamiaraea insigniventris,1240,272,1263,1043
Oligota-flavicornis-83.jpg,miscellaneous-families-of-guam-coleoptera-4.jpg,Oligota flavicornis,1240,272,331,254
Gyrophaena-moluccensis-84.jpg,miscellaneous-families-of-guam-coleoptera-4.jpg,Gyrophaena moluccensis,1240,272,515,334
Gyrophaena-variolosa-85.jpg,miscellaneous-families-of-guam-coleoptera-4.jpg,Gyrophaena variolosa,1243,272,714,527
Homalota-cribrum-86.jpg,miscellaneous-families-of-guam-coleoptera-4.jpg,Homalota cribrum,1243,272,1038,723
Tenebroides-mauritanicus-87.jpg,miscellaneous-families-of-guam-coleoptera-4.jpg,Tenebroides mauritanicus,1240,272,1546,1324
Melambia-cordicollis-88.jpg,miscellaneous-families-of-guam-coleoptera-4.jpg,Melambia cordicollis,1240,275,1721,1554
Haptoncus-luteolus-89.jpg,miscellaneous-families-of-guam-coleoptera-5.jpg,Haptoncus luteolus,1192,194,1521,1158
Haptoncus-ocularis-90.jpg,miscellaneous-families-of-guam-coleoptera-5.jpg,Haptoncus ocularis,1194,196,1668,1527
Carpophilus-91.jpg,miscellaneous-families-of-guam-coleoptera-5.jpg,Carpophilus,1164,200,1116,706
Urophorus-humeralis--92.jpg,miscellaneous-families-of-guam-coleoptera-5.jpg,Urophorus humeralis ,1166,196,698,374
Psammoecus-insularis--93.jpg,miscellaneous-families-of-guam-coleoptera-6.jpg,Psammoecus insularis ,1247,277,1079,823
Oryzaephilus-surinamensis-94.jpg,miscellaneous-families-of-guam-coleoptera-6.jpg,Oryzaephilus surinamensis,1256,272,1372,1087
Inopeplus-metallescens--95.jpg,miscellaneous-families-of-guam-coleoptera-6.jpg,Inopeplus metallescens ,1251,274,1713,1377
Haptoncus-ocularis-96.jpg,miscellaneous-families-of-guam-coleoptera-6.jpg,Haptoncus ocularis,1247,277,395,232
Haptoncus--97.jpg,miscellaneous-families-of-guam-coleoptera-6.jpg,Haptoncus ,1247,272,551,395
Cryptamorpha-desjardinsi-98.jpg,miscellaneous-families-of-guam-coleoptera-6.jpg,Cryptamorpha desjardinsi,1249,272,813,599
Neotrichus-latiusculus-99.jpg,miscellaneous-families-of-guam-coleoptera-7.jpg,Neotrichus latiusculus,1153,174,1466,1168
Inopeplus-metallescens--100.jpg,miscellaneous-families-of-guam-coleoptera-7.jpg,Inopeplus metallescens ,1160,176,321,191
Metophthalmus-albofasciatus-101.jpg,miscellaneous-families-of-guam-coleoptera-7.jpg,Metophthalmus albofasciatus,1146,183,571,379
Colobicus-parilis-102.jpg,miscellaneous-families-of-guam-coleoptera-7.jpg,Colobicus parilis,1148,174,837,619
Bitoma-siccana-103.jpg,miscellaneous-families-of-guam-coleoptera-7.jpg,Bitoma siccana,1153,174,1161,844
Ocholissa-humeralis--104.jpg,miscellaneous-families-of-guam-coleoptera-8.jpg,Ocholissa humeralis ,1247,281,522,248
Harminia-arcuata-105.jpg,miscellaneous-families-of-guam-coleoptera-8.jpg,Harminia arcuata,1249,278,1725,1110
Trochoideus-desjardinsii-106.jpg,miscellaneous-families-of-guam-coleoptera-8.jpg,Trochoideus desjardinsii,1249,278,954,568
Anisolemnia-mulsanti-107.jpg,miscellaneous-families-of-guam-coleoptera-9.jpg,Anisolemnia mulsanti,1163,169,1579,1252
Cryptolaemus-montrouzieri-108.jpg,miscellaneous-families-of-guam-coleoptera-9.jpg,Cryptolaemus montrouzieri,1165,169,1699,1584
Coelophora-inaequalis-109.jpg,miscellaneous-families-of-guam-coleoptera-9.jpg,Coelophora inaequalis,1160,166,1248,650
Coccinella-transversalis-110.jpg,miscellaneous-families-of-guam-coleoptera-9.jpg,Coccinella transversalis,1158,164,643,215
